solomon_100/RC101.txt,solomon_100/RC101.txt,solomon_100/C101.txt,solomon_100/R101.txt,
solomon_100/RC101.txt,292,291,1717.4375,206.584,
solomon_100/C101.txt,76,75,1578.14358387558,900.289,
solomon_100/R101.txt,322,321,1375.3433333333335,349.075,
